{"1 | 1. Рабочее напряжение постоянного (переменного) тока, /постоянное обратное напряжение/, В": [97.43589743589743], "2 | 2. Ток потребления /входной ток/, мА": [97.43589743589743], "3 | 3. Сила света, мкд /сила излучения, мВт/cp/": [97.43589743589743], "4 | 4. Цвет свечения": [97.43589743589743], "5 | 5. Материал корпуса ": [97.43589743589743], "1 | 1. Постоянный /импульсный/ прямой ток, А": [98.24561403508771], "2 | 2. Постоянное прямое напряжение, В, не более": [98.24561403508771], "3 | 3. Мощность излучения, мВт, не менее": [98.24561403508771], "4 | 4. Длина волны, мкм": [98.24561403508771], "5 | 5. Время нарастания /спада/, нс, не более ": [98.24561403508771], "1 | 1. Входной ток, А": [97.67441860465115], "2 | 2. Выходной ток, мА /коэффициент передачи по току, %/": [97.61904761904762], "3 |  3. Выходное обратное напряжение, В": [97.61904761904762], "4 | 4. Напряжение изоляции, кВ ": [97.61904761904762], "1 | 1. Входной ток, мА": [97.87234042553192], "22 | 2. Выходной ток, мА /коэффициент передачи по току, %/": [97.87234042553192], "3 |  3. Выходное остаточное напряжение, В": [97.87234042553192], "4 | 4. Напряжение изоляции, В ": [97.84946236559139], "1 | 1. Входное напряжение, не менее/не более/ (при входном токе, мА), В": [100.0], "2 | 2. Время включения /выключения/, мкс, не более": [100.0], "3 | 3. Напряжение изоляции, В, не менее": [100.0], "4 |      4. Выходное остаточное напряжение, В, не более ": [100.0], "1 | 1. Выходное напряжение низкого /высокого/ уровня, В": [100.0], "2 | 2. Время задержки распространения сигнала при включении (выключении), нс": [100.0], "3 | 3. Напряжение изоляции, В ": [100.0], "11 | 1. Входное напряжение, не менее/не более/ (при входном токе, мА), В": [96.875], "2 | 2. Время включения /выключения/, мкс": [96.875], "3 | 3. Напряжение изоляции, В": [96.7741935483871], "4 | 4. Выходное сопротивление в открытом состоянии, Ом": [96.7741935483871], "5 | 5. Выходное остаточное напряжение, В ": [96.7741935483871]}